image_id,box_id
MHR.7145.jpg,10
MHR.7145.jpg,16
MHR.7145.jpg,58
MHR.7145.jpg,34
MHR.7145.jpg,31
MHR.7145.jpg,41
MHR.7145.jpg,26
MHR.7145.jpg,29
MHR.7145.jpg,43
MHR.7145.jpg,25
MHR.7145.jpg,43
MHR.7145.jpg,35
MHR.7145.jpg,38
MHR.7145.jpg,19
MHR.7145.jpg,33
MHR.7145.jpg,55
MHR.7146.jpg,12
MHR.7146.jpg,42
MHR.7146.jpg,27
MHR.7146.jpg,34
MHR.7146.jpg,3
MHR.7146.jpg,16
MHR.7146.jpg,10
MHR.7146.jpg,11
MHR.7146.jpg,26
MHR.7146.jpg,9
MHR.7221.jpg,27
MHR.7221.jpg,42
MHR.7221.jpg,3
MHR.7221.jpg,17
MHR.7221.jpg,11
MHR.7221.jpg,18
MHR.7221.jpg,35
MHR.7221.jpg,37
MHR.7221.jpg,26
MHR.7221.jpg,31
MHR.7221.jpg,25
MHR.7221.jpg,14
MHR.7221.jpg,28
MHR.7221.jpg,12
MHR.7221.jpg,10
MHR.7248.jpg,18
MHR.7248.jpg,14
MHR.7248.jpg,37
MHR.7248.jpg,55
MHR.7248.jpg,56
MHR.7248.jpg,11
MHR.7248.jpg,36
MHR.7248.jpg,35
MHR.7248.jpg,33
MHR.7248.jpg,16
MHR.7248.jpg,17
MHR.7248.jpg,41
MHR.7248.jpg,15
MHR.7248.jpg,42
MHR.7248.jpg,39
MHR.7248.jpg,51
MHR.7248.jpg,44
MHR.7248.jpg,54
MHR.7248.jpg,1
MHR.7248.jpg,31
MHR.7248.jpg,9
MHR.7262.jpg,15
MHR.7262.jpg,17
MHR.7262.jpg,46
MHR.7262.jpg,62
MHR.7262.jpg,68
MHR.7262.jpg,48
MHR.7262.jpg,66
MHR.7262.jpg,20
MHR.7262.jpg,21
MHR.7262.jpg,17
MHR.7262.jpg,46
MHR.7262.jpg,35
MHR.7262.jpg,18
MHR.7262.jpg,44
MHR.7262.jpg,55
MHR.7262.jpg,42
MHR.7262.jpg,40
MHR.7262.jpg,43
MHR.7262.jpg,9
MHR.7262.jpg,70
MHR.7279.jpg,18
MHR.7279.jpg,19
MHR.7279.jpg,14
MHR.7279.jpg,13
MHR.7279.jpg,37
MHR.7279.jpg,16
MHR.7279.jpg,32
MHR.7279.jpg,38
MHR.7279.jpg,54
MHR.7279.jpg,58
MHR.7279.jpg,24
MHR.7279.jpg,39
MHR.7279.jpg,54
MHR.7279.jpg,22
MHR.7279.jpg,7
MHR.7279.jpg,50
MHR.7279.jpg,3
MHR.7279.jpg,20
MHR.7279.jpg,57
MHR.7279.jpg,41
MHR.7279.jpg,17
MHR.7279.jpg,42
MHR.7279.jpg,32
MHR.7279.jpg,0
MHR.7279.jpg,21
MHR.7308.jpg,18
MHR.7308.jpg,17
MHR.7308.jpg,40
MHR.7308.jpg,48
MHR.7308.jpg,39
MHR.7308.jpg,37
MHR.7308.jpg,57
MHR.7308.jpg,43
MHR.7308.jpg,54
MHR.7308.jpg,59
MHR.7308.jpg,46
MHR.7308.jpg,31
MHR.7308.jpg,24
MHR.7308.jpg,38
MHR.7308.jpg,36
MHR.7343.jpg,44
MHR.7343.jpg,65
MHR.7343.jpg,76
MHR.7343.jpg,73
MHR.7343.jpg,45
MHR.7343.jpg,22
MHR.7343.jpg,48
MHR.7343.jpg,75
MHR.7343.jpg,78
MHR.7343.jpg,17
MHR.7343.jpg,15
MHR.7343.jpg,18
MHR.7343.jpg,77
MHR.7343.jpg,20
MHR.7343.jpg,71
MHR.7343.jpg,6
MHR.7343.jpg,70
MHR.7343.jpg,72
MHR.7343.jpg,42
MHR.7343.jpg,67
MHR.7343.jpg,12
MHR.7343.jpg,31
MHR.7343.jpg,9
MHR.7343.jpg,14
MHR.7343.jpg,8
MHR.7343.jpg,46
MHR.7343.jpg,24
MHR.7343.jpg,39
MHR.7343.jpg,68
MHR.7343.jpg,66
MHR.7343.jpg,40
MHR.7343.jpg,19
MHR.7343.jpg,13
MHR.7343.jpg,69
MHR.7343.jpg,16
MHR.7343.jpg,23
MHR.7343.jpg,51
MHR.7343.jpg,80
MHR.7343.jpg,53
MHR.7343.jpg,43
MHR.7343.jpg,24
MHR.7343.jpg,79
MHR.7343.jpg,36
MHR.7343.jpg,13
MHR.7343.jpg,16
MHR.7372.jpg,42
MHR.7372.jpg,33
MHR.7372.jpg,44
MHR.7372.jpg,12
MHR.7372.jpg,51
MHR.7372.jpg,14
MHR.7372.jpg,32
MHR.7372.jpg,29
MHR.7372.jpg,22
MHR.7372.jpg,7
MHR.7372.jpg,31
MHR.7372.jpg,16
MHR.7372.jpg,27
MHR.7372.jpg,15
MHR.7372.jpg,24
MHR.7372.jpg,11
MHR.7372.jpg,26
MHR.7372.jpg,18
MHR.7372.jpg,34
MHR.7394.jpg,14
MHR.7394.jpg,68
MHR.7394.jpg,30
MHR.7394.jpg,6
MHR.7394.jpg,19
MHR.7394.jpg,45
MHR.7394.jpg,41
MHR.7394.jpg,46
MHR.7394.jpg,63
MHR.7394.jpg,43
MHR.7394.jpg,40
MHR.7394.jpg,44
MHR.7394.jpg,42
MHR.7394.jpg,39
MHR.7394.jpg,18
MHR.7394.jpg,28
MHR.7394.jpg,17
MHR.7394.jpg,5
MHR.7395.jpg,20
MHR.7395.jpg,28
MHR.7395.jpg,18
MHR.7395.jpg,42
MHR.7395.jpg,17
MHR.7395.jpg,30
MHR.7395.jpg,45
MHR.7395.jpg,48
MHR.7395.jpg,72
MHR.7395.jpg,47
MHR.7395.jpg,14
MHR.7395.jpg,21
MHR.7395.jpg,46
MHR.7395.jpg,10
MHR.7395.jpg,27
MHR.7395.jpg,38
MHR.7395.jpg,22
MHR.7395.jpg,56
MHR.7395.jpg,44
MHR.7395.jpg,2
MHR.7395.jpg,7
MHR.7396.jpg,19
MHR.7396.jpg,32
MHR.7396.jpg,42
MHR.7396.jpg,31
MHR.7396.jpg,25
MHR.7396.jpg,21
MHR.7396.jpg,30
MHR.7396.jpg,54
MHR.7396.jpg,36
MHR.7396.jpg,28
MHR.7396.jpg,44
MHR.7396.jpg,18
MHR.7396.jpg,16
MHR.7396.jpg,68
MHR.7396.jpg,41
MHR.7396.jpg,33
MHR.7396.jpg,29
MHR.7396.jpg,38
MHR.7396.jpg,66
MHR.7396.jpg,37
MHR.7458.jpg,63
MHR.7458.jpg,78
MHR.7458.jpg,52
MHR.7458.jpg,25
MHR.7458.jpg,30
MHR.7458.jpg,81
MHR.7458.jpg,17
MHR.7458.jpg,32
MHR.7458.jpg,23
MHR.7458.jpg,57
MHR.7458.jpg,28
MHR.7458.jpg,60
MHR.7458.jpg,91
MHR.7458.jpg,61
MHR.7458.jpg,58
MHR.7458.jpg,31
MHR.7458.jpg,29
MHR.7458.jpg,12
MHR.7458.jpg,19
MHR.7458.jpg,79
MHR.7458.jpg,53
MHR.7458.jpg,100
MHR.7458.jpg,21
MHR.7458.jpg,80
MHR.7458.jpg,50
MHR.7458.jpg,24
MHR.7458.jpg,55
MHR.7472.jpg,66
MHR.7472.jpg,65
MHR.7472.jpg,63
MHR.7472.jpg,58
MHR.7472.jpg,56
MHR.7472.jpg,55
MHR.7472.jpg,51
MHR.7472.jpg,50
MHR.7472.jpg,49
MHR.7472.jpg,46
MHR.7472.jpg,44
MHR.7472.jpg,41
MHR.7472.jpg,40
MHR.7472.jpg,39
MHR.7472.jpg,38
MHR.7472.jpg,37
MHR.7472.jpg,36
MHR.7472.jpg,35
MHR.7472.jpg,34
MHR.7472.jpg,33
MHR.7472.jpg,32
MHR.7472.jpg,31
MHR.7472.jpg,30
MHR.7472.jpg,29
MHR.7472.jpg,28
MHR.7472.jpg,27
MHR.7472.jpg,26
MHR.7472.jpg,23
MHR.7472.jpg,18
MHR.7472.jpg,17
MHR.7472.jpg,16
MHR.7472.jpg,15
MHR.7472.jpg,14
MHR.7472.jpg,13
MHR.7472.jpg,12
MHR.7472.jpg,11
MHR.7472.jpg,10
MHR.7472.jpg,6
MHR.7472.jpg,4
MHR.7472.jpg,3
MHR.7861.jpg,54
MHR.7861.jpg,53
MHR.7861.jpg,51
MHR.7861.jpg,50
MHR.7861.jpg,49
MHR.7861.jpg,48
MHR.7861.jpg,47
MHR.7861.jpg,44
MHR.7861.jpg,37
MHR.7861.jpg,36
MHR.7861.jpg,35
MHR.7861.jpg,34
MHR.7861.jpg,33
MHR.7861.jpg,31
MHR.7861.jpg,30
MHR.7861.jpg,29
MHR.7861.jpg,28
MHR.7861.jpg,27
MHR.7861.jpg,26
MHR.7861.jpg,25
MHR.7861.jpg,23
MHR.7861.jpg,21
MHR.7861.jpg,16
MHR.7861.jpg,15
MHR.7861.jpg,14
MHR.7861.jpg,13
MHR.7861.jpg,12
MHR.7861.jpg,11
MHR.7861.jpg,9
MHR.7861.jpg,8
MHR.7861.jpg,7
MHR.7861.jpg,2
MHR.7866.jpg,7
MHR.7866.jpg,10
MHR.7866.jpg,11
MHR.7866.jpg,12
MHR.7866.jpg,13
MHR.7866.jpg,20
MHR.7866.jpg,22
MHR.7866.jpg,25
MHR.7866.jpg,26
MHR.7866.jpg,27
MHR.7866.jpg,28
MHR.7866.jpg,29
MHR.7866.jpg,30
MHR.7866.jpg,31
MHR.7866.jpg,32
MHR.7866.jpg,33
MHR.7866.jpg,41
MHR.7866.jpg,43
MHR.7866.jpg,44
MHR.7866.jpg,50
MHR.7866.jpg,51
MHR.7866.jpg,52
MHR.7866.jpg,53
MHR.7867.jpg,82
MHR.7867.jpg,68
MHR.7867.jpg,67
MHR.7867.jpg,66
MHR.7867.jpg,58
MHR.7867.jpg,55
MHR.7867.jpg,54
MHR.7867.jpg,52
MHR.7867.jpg,49
MHR.7867.jpg,46
MHR.7867.jpg,42
MHR.7867.jpg,41
MHR.7867.jpg,40
MHR.7867.jpg,39
MHR.7867.jpg,38
MHR.7867.jpg,36
MHR.7867.jpg,35
MHR.7867.jpg,33
MHR.7867.jpg,32
MHR.7867.jpg,31
MHR.7867.jpg,30
MHR.7867.jpg,28
MHR.7867.jpg,27
MHR.7867.jpg,23
MHR.7867.jpg,22
MHR.7867.jpg,21
MHR.7867.jpg,19
MHR.7867.jpg,17
MHR.7867.jpg,16
MHR.7867.jpg,15
MHR.7867.jpg,13
MHR.7867.jpg,9
MHR.7867.jpg,5
MHR.7867.jpg,4
MHR.7867.jpg,3
MHR.7889.jpg,2
MHR.7889.jpg,4
MHR.7889.jpg,8
MHR.7889.jpg,12
MHR.7889.jpg,13
MHR.7889.jpg,15
MHR.7889.jpg,16
MHR.7889.jpg,17
MHR.7889.jpg,18
MHR.7889.jpg,19
MHR.7889.jpg,23
MHR.7889.jpg,25
MHR.7889.jpg,26
MHR.7889.jpg,28
MHR.7889.jpg,31
MHR.7889.jpg,32
MHR.7889.jpg,33
MHR.7889.jpg,34
MHR.7889.jpg,35
MHR.7889.jpg,36
MHR.7889.jpg,38
MHR.7889.jpg,40
MHR.7889.jpg,41
MHR.7889.jpg,43
MHR.7889.jpg,53
MHR.7889.jpg,55
MHR.7889.jpg,57
MHR.7889.jpg,58
MHR.7889.jpg,60
MHR.7889.jpg,62
MHR.7889.jpg,66
MHR.7889.jpg,68
MHR.7889.jpg,69
MHR.7889.jpg,70
MHR.7889.jpg,72
MHR.7889.jpg,74
MHR.7898.jpg,4
MHR.7898.jpg,6
MHR.7898.jpg,7
MHR.7898.jpg,8
MHR.7898.jpg,11
MHR.7898.jpg,13
MHR.7898.jpg,14
MHR.7898.jpg,15
MHR.7898.jpg,16
MHR.7898.jpg,17
MHR.7898.jpg,18
MHR.7898.jpg,19
MHR.7898.jpg,20
MHR.7898.jpg,21
MHR.7898.jpg,23
MHR.7898.jpg,24
MHR.7898.jpg,26
MHR.7898.jpg,27
MHR.7898.jpg,29
MHR.7898.jpg,30
MHR.7898.jpg,33
MHR.7898.jpg,34
MHR.7898.jpg,35
MHR.7898.jpg,36
MHR.7898.jpg,49
MHR.7898.jpg,52
MHR.7898.jpg,53
MHR.7898.jpg,54
MHR.7898.jpg,55
MHR.7898.jpg,57
MHR.7898.jpg,59
MHR.7898.jpg,60
MHR.7930.jpg,15
MHR.7930.jpg,39
MHR.7930.jpg,42
MHR.7930.jpg,12
MHR.7930.jpg,28
MHR.7930.jpg,40
MHR.7930.jpg,31
MHR.7930.jpg,46
MHR.7930.jpg,37
MHR.7930.jpg,35
MHR.7930.jpg,33
MHR.7930.jpg,32
MHR.7930.jpg,43
MHR.7930.jpg,53
MHR.7930.jpg,41
MHR.7930.jpg,34
MHR.7930.jpg,37
MHR.7930.jpg,35
MHR.7930.jpg,52
MHR.7930.jpg,38
MHR.7930.jpg,18
MHR.7930.jpg,48
MHR.7930.jpg,22
MHR.7930.jpg,19
MHR.7930.jpg,20
MHR.7930.jpg,21
MHR.7930.jpg,36
MHR.7930.jpg,57
MHR.7930.jpg,16
MHR.7931.jpg,2
MHR.7931.jpg,3
MHR.7931.jpg,6
MHR.7931.jpg,8
MHR.7931.jpg,10
MHR.7931.jpg,11
MHR.7931.jpg,12
MHR.7931.jpg,15
MHR.7931.jpg,17
MHR.7931.jpg,18
MHR.7931.jpg,19
MHR.7931.jpg,20
MHR.7931.jpg,21
MHR.7931.jpg,22
MHR.7931.jpg,31
MHR.7931.jpg,32
MHR.7931.jpg,33
MHR.7931.jpg,35
MHR.7931.jpg,36
MHR.7931.jpg,37
MHR.7931.jpg,38
MHR.7931.jpg,39
MHR.7931.jpg,41
MHR.7931.jpg,42
MHR.7931.jpg,43
MHR.7931.jpg,44
MHR.7931.jpg,45
MHR.7931.jpg,47
MHR.7931.jpg,53
MHR.7931.jpg,55
MHR.7931.jpg,56
MHR.7931.jpg,62
MHR.7931.jpg,63
MHR.7931.jpg,64
MHR.7962.jpg,20
MHR.7962.jpg,39
MHR.7962.jpg,21
MHR.7962.jpg,67
MHR.7962.jpg,69
MHR.7962.jpg,53
MHR.7962.jpg,29
MHR.7962.jpg,17
MHR.7962.jpg,40
MHR.7962.jpg,47
MHR.7962.jpg,28
MHR.7962.jpg,65
MHR.7962.jpg,18
MHR.7962.jpg,45
MHR.7962.jpg,64
MHR.7962.jpg,30
MHR.7962.jpg,59
MHR.7962.jpg,43
MHR.7962.jpg,41
MHR.7962.jpg,42
MHR.7962.jpg,66
MHR.7962.jpg,31
MHR.7962.jpg,25
MHR.7962.jpg,36
MHR.7962.jpg,24
MHR.7962.jpg,26
MHR.7962.jpg,38
MHR.7962.jpg,48
MHR.7962.jpg,27
MHR.7962.jpg,34
MHR.8019.jpg,17
MHR.8019.jpg,18
MHR.8019.jpg,15
MHR.8019.jpg,52
MHR.8019.jpg,31
MHR.8019.jpg,56
MHR.8019.jpg,50
MHR.8019.jpg,55
MHR.8019.jpg,16
MHR.8019.jpg,25
MHR.8019.jpg,39
MHR.8019.jpg,58
MHR.8020.jpg,8
MHR.8020.jpg,30
MHR.8020.jpg,28
MHR.8020.jpg,29
MHR.8020.jpg,32
MHR.8020.jpg,56
MHR.8020.jpg,9
MHR.8020.jpg,24
MHR.8020.jpg,14
MHR.8020.jpg,34
MHR.8020.jpg,13
MHR.8020.jpg,11
MHR.8020.jpg,10
MHR.8020.jpg,52
MHR.8020.jpg,73
MHR.8020.jpg,20
MHR.8020.jpg,55
MHR.8020.jpg,17
MHR.8020.jpg,21
MHR.8020.jpg,57
MHR.8020.jpg,22
MHR.8020.jpg,12
MHR.8020.jpg,7
MHR.8020.jpg,48
MHR.8020.jpg,25
MHR.8020.jpg,33
MHR.8020.jpg,27
MHR.8020.jpg,5
MHR.8020.jpg,54
MHR.8020.jpg,61
MHR.8022.jpg,16
MHR.8022.jpg,61
MHR.8022.jpg,53
MHR.8022.jpg,39
MHR.8022.jpg,40
MHR.8022.jpg,25
MHR.8022.jpg,32
MHR.8022.jpg,35
MHR.8022.jpg,28
MHR.8022.jpg,17
MHR.8022.jpg,30
MHR.8022.jpg,37
MHR.8022.jpg,21
MHR.8022.jpg,4
MHR.8022.jpg,58
MHR.8022.jpg,34
MHR.8022.jpg,27
MHR.8022.jpg,38
MHR.8022.jpg,18
MHR.8022.jpg,41
MHR.8022.jpg,13
MHR.8022.jpg,59
MHR.8022.jpg,9
MHR.8022.jpg,55
MHR.8022.jpg,10
MHR.8022.jpg,14
MHR.8022.jpg,33
MHR.8022.jpg,15
MHR.8022.jpg,11
MHR.8022.jpg,31
MHR.8022.jpg,29
MHR.8022.jpg,37
MHR.8022.jpg,18
MHR.8029.jpg,34
MHR.8029.jpg,11
MHR.8029.jpg,35
MHR.8029.jpg,31
MHR.8029.jpg,60
MHR.8029.jpg,47
MHR.8029.jpg,9
MHR.8029.jpg,24
MHR.8029.jpg,13
MHR.8029.jpg,16
MHR.8029.jpg,12
MHR.8029.jpg,22
MHR.8029.jpg,53
MHR.8029.jpg,41
MHR.8029.jpg,51
MHR.8029.jpg,18
MHR.8029.jpg,17
MHR.8029.jpg,15
MHR.8029.jpg,61
MHR.8029.jpg,48
MHR.8029.jpg,29
MHR.8029.jpg,33
MHR.8029.jpg,46
MHR.8155.jpg,19
MHR.8155.jpg,16
MHR.8155.jpg,53
MHR.8155.jpg,45
MHR.8155.jpg,50
MHR.8155.jpg,52
MHR.8155.jpg,47
MHR.8155.jpg,59
MHR.8155.jpg,41
MHR.8155.jpg,48
MHR.8155.jpg,57
MHR.8155.jpg,42
MHR.8155.jpg,20
MHR.8155.jpg,40
MHR.8155.jpg,44
MHR.8155.jpg,46
MHR.8155.jpg,60
MHR.8155.jpg,45
MHR.8155.jpg,51
MHR.8156.jpg,14
MHR.8156.jpg,18
MHR.8156.jpg,20
MHR.8156.jpg,21
MHR.8156.jpg,22
MHR.8156.jpg,26
MHR.8156.jpg,27
MHR.8156.jpg,39
MHR.8156.jpg,41
MHR.8156.jpg,42
MHR.8156.jpg,43
MHR.8156.jpg,45
MHR.8156.jpg,46
MHR.8156.jpg,47
MHR.8156.jpg,55
MHR.8156.jpg,57
MHR.8156.jpg,63
MHR.8156.jpg,68
MHR.8156.jpg,71
MHR.8156.jpg,72
MHR.8156.jpg,78
MHR.8156.jpg,79
MHR.8156.jpg,80
MHR.8156.jpg,82
MHR.8156.jpg,10
MHR.8156.jpg,50
MHR.8156.jpg,15
MHR.8160.jpg,47
MHR.8160.jpg,10
MHR.8160.jpg,20
MHR.8160.jpg,46
MHR.8160.jpg,17
MHR.8160.jpg,8
MHR.8160.jpg,19
MHR.8160.jpg,46
MHR.8160.jpg,14
MHR.8160.jpg,48
MHR.8160.jpg,32
MHR.8160.jpg,12
MHR.8160.jpg,18
MHR.8160.jpg,13
MHR.8160.jpg,36
MHR.8160.jpg,5
MHR.8160.jpg,30
MHR.8160.jpg,33
MHR.8160.jpg,16
MHR.8160.jpg,43
MHR.8160.jpg,40
MHR.8160.jpg,44
MHR.8160.jpg,45
MHR.8332.jpg,40
MHR.8332.jpg,28
MHR.8332.jpg,19
MHR.8332.jpg,45
MHR.8332.jpg,47
MHR.8332.jpg,52
MHR.8332.jpg,53
MHR.8332.jpg,62
MHR.8332.jpg,35
MHR.8332.jpg,18
MHR.8332.jpg,49
MHR.8332.jpg,11
MHR.8332.jpg,53
MHR.8332.jpg,1
MHR.8332.jpg,20
MHR.8387.jpg,4
MHR.8387.jpg,5
MHR.8387.jpg,7
MHR.8387.jpg,8
MHR.8387.jpg,9
MHR.8387.jpg,11
MHR.8387.jpg,12
MHR.8387.jpg,13
MHR.8387.jpg,14
MHR.8387.jpg,15
MHR.8387.jpg,16
MHR.8387.jpg,17
MHR.8387.jpg,19
MHR.8387.jpg,25
MHR.8387.jpg,26
MHR.8387.jpg,29
MHR.8387.jpg,31
MHR.8387.jpg,33
MHR.8387.jpg,34
MHR.8387.jpg,35
MHR.8387.jpg,35
MHR.8387.jpg,36
MHR.8387.jpg,37
MHR.8387.jpg,38
MHR.8387.jpg,39
MHR.8387.jpg,40
MHR.8387.jpg,44
MHR.8387.jpg,48
MHR.8387.jpg,49
MHR.8387.jpg,50
MHR.8387.jpg,51
MHR.8387.jpg,52
MHR.8387.jpg,53
MHR.8387.jpg,59
MHR.8443.jpg,49
MHR.8443.jpg,18
MHR.8443.jpg,36
MHR.8443.jpg,14
MHR.8443.jpg,47
MHR.8443.jpg,17
MHR.8443.jpg,72
MHR.8443.jpg,88
MHR.8443.jpg,33
MHR.8443.jpg,22
MHR.8443.jpg,48
MHR.8443.jpg,21
MHR.8443.jpg,83
MHR.8443.jpg,20
MHR.8443.jpg,42
MHR.8443.jpg,5
MHR.8443.jpg,41
MHR.8443.jpg,38
MHR.8443.jpg,23
MHR.8443.jpg,51
MHR.8443.jpg,86
MHR.8443.jpg,15
MHR.8443.jpg,32
MHR.8443.jpg,82
MHR.8443.jpg,16
MHR.8443.jpg,39
MHR.8443.jpg,77
MHR.8443.jpg,37
MHR.8443.jpg,65
MHR.8443.jpg,61
MHR.8443.jpg,25
MHR.8443.jpg,36
MHR.8443.jpg,45
MHR.8443.jpg,18
MHR.8443.jpg,49
MHR.8443.jpg,69
MHR.8443.jpg,40
MHR.8443.jpg,43
MHR.8443.jpg,45
MHR.8443.jpg,66
MHR.8443.jpg,64
MHR.8443.jpg,67
MHR.8479.jpg,12
MHR.8479.jpg,19
MHR.8479.jpg,20
MHR.8479.jpg,21
MHR.8479.jpg,23
MHR.8479.jpg,24
MHR.8479.jpg,25
MHR.8479.jpg,41
MHR.8479.jpg,44
MHR.8479.jpg,46
MHR.8479.jpg,48
MHR.8479.jpg,50
MHR.8479.jpg,51
MHR.8479.jpg,52
MHR.8479.jpg,53
MHR.8479.jpg,54
MHR.8479.jpg,55
MHR.8479.jpg,60
MHR.8479.jpg,61
MHR.8479.jpg,64
MHR.8479.jpg,65
MHR.8479.jpg,67
MHR.8479.jpg,71
MHR.8479.jpg,73
MHR.8479.jpg,74
MHR.8479.jpg,76
MHR.8479.jpg,78
MHR.8479.jpg,79
MHR.8479.jpg,80
MHR.8479.jpg,81
MHR.8479.jpg,86
MHR.8479.jpg,89
MHR.8479.jpg,90
MHR.8482.jpg,39
MHR.8482.jpg,20
MHR.8482.jpg,59
MHR.8482.jpg,21
MHR.8482.jpg,52
MHR.8482.jpg,57
MHR.8482.jpg,18
MHR.8482.jpg,41
MHR.8482.jpg,32
MHR.8482.jpg,60
MHR.8482.jpg,4
MHR.8482.jpg,36
MHR.8482.jpg,40
MHR.8482.jpg,57
MHR.8482.jpg,17
MHR.8482.jpg,31
MHR.8482.jpg,61
MHR.8482.jpg,0
MHR.8482.jpg,34
MHR.8482.jpg,2
MHR.8482.jpg,8
MHR.8482.jpg,44
MHR.8482.jpg,75
MHR.8482.jpg,13
MHR.8482.jpg,10
MHR.8482.jpg,51
MHR.8483.jpg,5
MHR.8483.jpg,6
MHR.8483.jpg,13
MHR.8483.jpg,16
MHR.8483.jpg,17
MHR.8483.jpg,19
MHR.8483.jpg,20
MHR.8483.jpg,25
MHR.8483.jpg,31
MHR.8483.jpg,41
MHR.8483.jpg,45
MHR.8483.jpg,46
MHR.8483.jpg,47
MHR.8483.jpg,50
MHR.8483.jpg,56
MHR.8483.jpg,59
MHR.8483.jpg,61
MHR.8483.jpg,62
MHR.8483.jpg,63
MHR.8483.jpg,64
MHR.8483.jpg,65
MHR.8483.jpg,66
MHR.8483.jpg,67
MHR.8483.jpg,68
MHR.8483.jpg,69
MHR.8483.jpg,70
MHR.8483.jpg,90
MHR.8483.jpg,52
MHR.8483.jpg,14
MHR.8483.jpg,12
MHR.8483.jpg,8
MHR.8483.jpg,44
MHR.8516.jpg,2
MHR.8516.jpg,11
MHR.8516.jpg,13
MHR.8516.jpg,14
MHR.8516.jpg,16
MHR.8516.jpg,17
MHR.8516.jpg,18
MHR.8516.jpg,20
MHR.8516.jpg,23
MHR.8516.jpg,30
MHR.8516.jpg,31
MHR.8516.jpg,33
MHR.8516.jpg,35
MHR.8516.jpg,37
MHR.8516.jpg,38
MHR.8516.jpg,49
MHR.8516.jpg,52
MHR.8516.jpg,59
MHR.8516.jpg,74
MHR.8750.jpg,2
MHR.8750.jpg,11
MHR.8750.jpg,13
MHR.8750.jpg,14
MHR.8750.jpg,15
MHR.8750.jpg,16
MHR.8750.jpg,17
MHR.8750.jpg,18
MHR.8750.jpg,20
MHR.8750.jpg,21
MHR.8750.jpg,22
MHR.8750.jpg,23
MHR.8750.jpg,24
MHR.8750.jpg,28
MHR.8750.jpg,29
MHR.8750.jpg,31
MHR.8750.jpg,33
MHR.8750.jpg,34
MHR.8750.jpg,35
MHR.8750.jpg,36
MHR.8750.jpg,37
MHR.8750.jpg,39
MHR.8750.jpg,40
MHR.8750.jpg,41
MHR.8750.jpg,42
MHR.8750.jpg,43
MHR.8750.jpg,44
MHR.8750.jpg,45
MHR.8750.jpg,46
MHR.8750.jpg,49
MHR.8750.jpg,55
MHR.8750.jpg,56
MHR.8750.jpg,57
MHR.8750.jpg,61
MHR.8750.jpg,66
MHR.8750.jpg,68
MHR.8750.jpg,12
MHR.12622.jpg,1
MHR.12622.jpg,2
MHR.12622.jpg,5
MHR.12622.jpg,9
MHR.12622.jpg,10
MHR.12622.jpg,11
MHR.12622.jpg,12
MHR.12622.jpg,13
MHR.12622.jpg,15
MHR.12622.jpg,16
MHR.12622.jpg,17
MHR.12622.jpg,18
MHR.12622.jpg,19
MHR.12622.jpg,20
MHR.12622.jpg,21
MHR.12622.jpg,21
MHR.12622.jpg,22
MHR.12622.jpg,24
MHR.12622.jpg,25
MHR.12622.jpg,26
MHR.12622.jpg,27
MHR.12622.jpg,33
MHR.12622.jpg,35
MHR.12622.jpg,36
MHR.12622.jpg,38
MHR.12622.jpg,40
MHR.12622.jpg,41
MHR.12622.jpg,43
MHR.12622.jpg,44
MHR.12622.jpg,45
MHR.12622.jpg,46
MHR.12622.jpg,47
MHR.12622.jpg,48
MHR.12622.jpg,49
MHR.12622.jpg,50
MHR.12622.jpg,51
MHR.12622.jpg,52
MHR.12622.jpg,53
MHR.12622.jpg,54
MHR.12622.jpg,55
MHR.12622.jpg,56
MHR.12622.jpg,59
MHR.12622.jpg,60
MHR.12622.jpg,62
MHR.12622.jpg,66
MHR.12622.jpg,69
MHR.12622.jpg,70
MHR.12622.jpg,73
MHR.12622.jpg,76
MHR.12622.jpg,80
MHR.12622.jpg,81
MHR.12622.jpg,82
MHR.12622.jpg,83
MHR.12622.jpg,84
MHR.12622.jpg,42
MHR.12622.jpg,39
MHR.12622.jpg,6